run_id,stage,vpn,client_type,host,repeat,mtu,delay_ms,loss_pct,cpu_stress,tcp_throughput_mbps,udp_throughput_mbps,udp_loss_pct_actual,udp_jitter_ms,rtt_avg_ms,rtt_mdev_ms,cpu_avg_percent,cpu_max_percent,throughput_per_cpu,reconnect_ms,handshake_ms,folder
baseline_ipsec_ubuntu_20260328T003815562652Z_r1_22a59c67,baseline,ipsec,VM,ubuntu,1,1500,,,False,49.12897733194186,34.041356631871174,0.7329938452127346,0.043813553560922425,14.609,0.907,0.21666666666666667,4.2,226.74912614742396,,2248.0,C:\vpn-thesis\results\baseline_ipsec_ubuntu_20260328T003815562652Z_r1_22a59c67
baseline_ipsec_ubuntu_20260328T005018562042Z_r2_c986a6cd,baseline,ipsec,VM,ubuntu,2,1500,,,False,41.420531773747065,25.20437726692382,0.0717490089215182,0.07453131885632824,14.638,0.869,0.20500000000000002,3.7,202.05137450608322,,2331.0,C:\vpn-thesis\results\baseline_ipsec_ubuntu_20260328T005018562042Z_r2_c986a6cd
baseline_ipsec_ubuntu_20260328T010223383317Z_r3_3b57e6ad,baseline,ipsec,VM,ubuntu,3,1500,,,False,29.366313404391025,26.91536918411182,0.13777002585733,0.2189056201344859,14.549,0.466,0.46499999999999997,8.5,63.1533621599807,,2270.0,C:\vpn-thesis\results\baseline_ipsec_ubuntu_20260328T010223383317Z_r3_3b57e6ad
baseline_openvpn_ubuntu_20260327T225250867617Z_r1_0dc36fea,baseline,openvpn,RaspberryPi,ubuntu,1,1500,,,False,70.64986658928525,49.9993190011577,0.007134485043061713,0.11579927181441556,12.951,0.179,0.02666666666666667,0.6,2649.369997098197,,5145.0,C:\vpn-thesis\results\baseline_openvpn_ubuntu_20260327T225250867617Z_r1_0dc36fea
baseline_openvpn_ubuntu_20260327T230139604029Z_r2_f047b475,baseline,openvpn,RaspberryPi,ubuntu,2,1500,,,False,67.536656781515,49.9993190011577,0.03533268783230563,0.1265158097993363,13.027,0.411,0.02333333333333333,0.6,2894.4281477792147,,5125.0,C:\vpn-thesis\results\baseline_openvpn_ubuntu_20260327T230139604029Z_r2_f047b475
baseline_openvpn_ubuntu_20260327T231031502444Z_r3_e427d797,baseline,openvpn,RaspberryPi,ubuntu,3,1500,,,False,65.74768478013966,49.9993190011577,0.004416585979038204,0.10157665990116715,13.469,2.39,0.030000000000000002,1.0,2191.5894926713218,,5121.0,C:\vpn-thesis\results\baseline_openvpn_ubuntu_20260327T231031502444Z_r3_e427d797
baseline_openvpn_ubuntu_20260328T003243388933Z_r1_23598ded,baseline,openvpn,VM,ubuntu,1,1500,,,False,52.90342781415784,49.9988149766011,56.31641888402685,0.552357547204489,15.424,2.178,0.24333333333333332,6.3,217.41134718147057,,5137.0,C:\vpn-thesis\results\baseline_openvpn_ubuntu_20260328T003243388933Z_r1_23598ded
baseline_openvpn_ubuntu_20260328T004444989931Z_r2_5fa91cf3,baseline,openvpn,VM,ubuntu,2,1500,,,False,39.270248454394604,49.998966249408156,56.08822240416923,0.5097883952913332,15.449,1.84,0.10166666666666666,2.1,386.2647388956847,,5109.0,C:\vpn-thesis\results\baseline_openvpn_ubuntu_20260328T004444989931Z_r2_5fa91cf3
baseline_openvpn_ubuntu_20260328T005649286832Z_r3_f2c06015,baseline,openvpn,VM,ubuntu,3,1500,,,False,33.25828405069309,49.998969712449295,53.0487929171791,0.8246994319088232,16.964,7.348,0.3283333333333333,10.8,101.29426614424293,,5080.0,C:\vpn-thesis\results\baseline_openvpn_ubuntu_20260328T005649286832Z_r3_f2c06015
baseline_wireguard_ubuntu_20260327T224927299481Z_r1_2a41989d,baseline,wireguard,RaspberryPi,ubuntu,1,1500,,,False,76.99142749527948,49.999403001014905,0.0,0.0946683602212348,12.857,0.161,0.04,1.3,1924.785687381987,,584.0,C:\vpn-thesis\results\baseline_wireguard_ubuntu_20260327T224927299481Z_r1_2a41989d
baseline_wireguard_ubuntu_20260327T225822561802Z_r2_89c055cf,baseline,wireguard,RaspberryPi,ubuntu,2,1500,,,False,88.65416317349518,49.999400501049124,0.00036480373559025247,0.0720699820141691,13.023,0.538,0.035,1.3,2532.9760906712904,,657.0,C:\vpn-thesis\results\baseline_wireguard_ubuntu_20260327T225822561802Z_r2_89c055cf
baseline_wireguard_ubuntu_20260327T230715007494Z_r3_878ea1ee,baseline,wireguard,RaspberryPi,ubuntu,3,1500,,,False,88.72103522532471,49.99939966772725,0.00036480373559025247,0.09194894233568253,12.994,0.346,0.041666666666666664,1.3,2129.3048454077934,,646.0,C:\vpn-thesis\results\baseline_wireguard_ubuntu_20260327T230715007494Z_r3_878ea1ee
baseline_wireguard_ubuntu_20260328T002930742143Z_r1_8c684370,baseline,wireguard,VM,ubuntu,1,1500,,,False,70.00209783719329,49.976513643922935,0.11203807104746473,0.44946954105157366,16.104,2.078,0.21666666666666667,3.4,323.08660540243056,,622.0,C:\vpn-thesis\results\baseline_wireguard_ubuntu_20260328T002930742143Z_r1_8c684370
baseline_wireguard_ubuntu_20260328T004131926944Z_r2_827785f8,baseline,wireguard,VM,ubuntu,2,1500,,,False,28.6888571454216,18.97774189419907,0.0,0.3988282518381467,15.88,1.015,0.25166666666666665,5.0,113.99545885597988,,602.0,C:\vpn-thesis\results\baseline_wireguard_ubuntu_20260328T004131926944Z_r2_827785f8
baseline_wireguard_ubuntu_20260328T005336468350Z_r3_2d0feb16,baseline,wireguard,VM,ubuntu,3,1500,,,False,25.2969263947197,17.20320915454444,0.0,0.333630856229672,15.621,1.384,0.335,11.6,75.51321311856627,,518.0,C:\vpn-thesis\results\baseline_wireguard_ubuntu_20260328T005336468350Z_r3_2d0feb16
cpu_stress_ipsec_ubuntu_20260330T132314070134Z_r1_9fd163cc,cpu_stress,ipsec,VM,ubuntu,1,1500,,,True,11.918852058182075,8.184669897959107,0.0,0.13377083864646253,18.653,4.814,75.26896551724138,100.0,0.15835015103870265,,2648.0,C:\vpn-thesis\results\cpu_stress_ipsec_ubuntu_20260330T132314070134Z_r1_9fd163cc
cpu_stress_ipsec_ubuntu_20260330T133539564540Z_r2_aec62117,cpu_stress,ipsec,VM,ubuntu,2,1500,,,True,11.407323286834364,7.309729238083957,0.0,0.1740632064304959,18.053,2.23,76.26440677966103,100.0,0.1495759787366049,,2659.0,C:\vpn-thesis\results\cpu_stress_ipsec_ubuntu_20260330T133539564540Z_r2_aec62117
cpu_stress_ipsec_ubuntu_20260330T134803001975Z_r3_9559b1a6,cpu_stress,ipsec,VM,ubuntu,3,1500,,,True,9.35307869982939,13.771703495618851,0.0,0.1275442663071151,21.312,4.047,74.00344827586207,100.0,0.1263870659778446,,2594.0,C:\vpn-thesis\results\cpu_stress_ipsec_ubuntu_20260330T134803001975Z_r3_9559b1a6
cpu_stress_openvpn_ubuntu_20260330T115750235422Z_r1_cec8a2dc,cpu_stress,openvpn,RaspberryPi,ubuntu,1,1500,,,True,64.4868212653867,49.9993190011577,0.0105318588730911,0.1326957706754497,13.094,0.141,42.505,50.8,1.517158481717132,,5102.0,C:\vpn-thesis\results\cpu_stress_openvpn_ubuntu_20260330T115750235422Z_r1_cec8a2dc
cpu_stress_openvpn_ubuntu_20260330T120637256710Z_r2_82c84658,cpu_stress,openvpn,RaspberryPi,ubuntu,2,1500,,,True,66.22943976878032,49.9993140012348,0.006794747660058774,0.11211865343728741,13.235,1.019,42.913333333333334,69.4,1.5433301173399174,,5099.0,C:\vpn-thesis\results\cpu_stress_openvpn_ubuntu_20260330T120637256710Z_r2_82c84658
cpu_stress_openvpn_ubuntu_20260330T121525372714Z_r3_b7439e61,cpu_stress,openvpn,RaspberryPi,ubuntu,3,1500,,,True,66.43289093737458,49.999315667875656,0.013929232703120489,0.12425709339793994,13.34,1.134,42.35,50.4,1.5686633043063656,,5111.0,C:\vpn-thesis\results\cpu_stress_openvpn_ubuntu_20260330T121525372714Z_r3_b7439e61
cpu_stress_openvpn_ubuntu_20260330T131736754599Z_r1_9474eef5,cpu_stress,openvpn,VM,ubuntu,1,1500,,,True,17.91252544042154,49.97873878988797,86.7482119497817,2.1733960729144677,48.184,50.853,75.83214285714287,100.0,0.23621283489464656,,5192.0,C:\vpn-thesis\results\cpu_stress_openvpn_ubuntu_20260330T131736754599Z_r1_9474eef5
cpu_stress_openvpn_ubuntu_20260330T132959257669Z_r2_fe683e7c,cpu_stress,openvpn,VM,ubuntu,2,1500,,,True,17.178330564013546,49.99933540542752,86.04877916200947,1.1419370039673173,20.489,4.763,77.59827586206896,100.0,0.22137515780051675,,5270.0,C:\vpn-thesis\results\cpu_stress_openvpn_ubuntu_20260330T132959257669Z_r2_fe683e7c
cpu_stress_openvpn_ubuntu_20260330T134224061425Z_r3_13116760,cpu_stress,openvpn,VM,ubuntu,3,1500,,,True,14.528122837975932,49.98859720386399,86.8484708472342,1.5191776753868418,26.087,35.79,75.93793103448276,100.0,0.1913157580153038,,5179.0,C:\vpn-thesis\results\cpu_stress_openvpn_ubuntu_20260330T134224061425Z_r3_13116760
cpu_stress_wireguard_ubuntu_20260330T115437385221Z_r1_5d45e3c5,cpu_stress,wireguard,RaspberryPi,ubuntu,1,1500,,,True,89.6388576182287,49.99939633444005,0.0,0.0907762001803983,13.251,1.635,42.730000000000004,50.2,2.0977968082899294,,632.0,C:\vpn-thesis\results\cpu_stress_wireguard_ubuntu_20260330T115437385221Z_r1_5d45e3c5
cpu_stress_wireguard_ubuntu_20260330T120322394393Z_r2_7c676e5c,cpu_stress,wireguard,RaspberryPi,ubuntu,2,1500,,,True,88.9867361940874,49.99939883440541,0.0,0.1286639650004225,13.124,0.577,42.63166666666667,50.4,2.0873388997401165,,747.0,C:\vpn-thesis\results\cpu_stress_wireguard_ubuntu_20260330T120322394393Z_r2_7c676e5c
cpu_stress_wireguard_ubuntu_20260330T121210760111Z_r3_d974dc99,cpu_stress,wireguard,RaspberryPi,ubuntu,3,1500,,,True,88.99945592801299,49.99939466779662,0.0,0.08529522761254806,13.02,0.136,42.61666666666667,52.0,2.08837205931982,,580.0,C:\vpn-thesis\results\cpu_stress_wireguard_ubuntu_20260330T121210760111Z_r3_d974dc99
cpu_stress_wireguard_ubuntu_20260330T131415382847Z_r1_6f0587f4,cpu_stress,wireguard,VM,ubuntu,1,1500,,,True,4.59713262172541,4.294570923537694,0.0,2.48351834333069,32.736,19.487,74.21896551724137,100.0,0.061940133356580905,,1430.0,C:\vpn-thesis\results\cpu_stress_wireguard_ubuntu_20260330T131415382847Z_r1_6f0587f4
cpu_stress_wireguard_ubuntu_20260330T132636535711Z_r2_85045f4d,cpu_stress,wireguard,VM,ubuntu,2,1500,,,True,5.111383127180674,5.992503582585532,0.0,3.572243301718207,31.694,16.88,78.11525423728814,100.0,0.06543386662551201,,3487.0,C:\vpn-thesis\results\cpu_stress_wireguard_ubuntu_20260330T132636535711Z_r2_85045f4d
cpu_stress_wireguard_ubuntu_20260330T133901546087Z_r3_702e28da,cpu_stress,wireguard,VM,ubuntu,3,1500,,,True,5.1803268555323285,5.9114455042277045,0.0,4.817702914828743,27.947,16.817,74.10350877192982,100.0,0.069906633860968,,2050.0,C:\vpn-thesis\results\cpu_stress_wireguard_ubuntu_20260330T133901546087Z_r3_702e28da
latency_ipsec_ubuntu_20260328T062911151395Z_r1_f459f637,latency,ipsec,VM,ubuntu,1,1500,50.0,,False,58.37630712003804,49.99931200788898,1.5753209460693696,0.25171933914406086,65.516,3.894,0.28,8.0,208.486811142993,,2505.0,C:\vpn-thesis\results\latency_ipsec_ubuntu_20260328T062911151395Z_r1_f459f637
latency_ipsec_ubuntu_20260328T064118121599Z_r2_a67a784e,latency,ipsec,VM,ubuntu,2,1500,50.0,,False,59.354928529895375,49.9968013670256,1.054408347582095,0.15153771142162367,65.574,1.808,0.25166666666666665,5.1,235.8473981320346,,2426.0,C:\vpn-thesis\results\latency_ipsec_ubuntu_20260328T064118121599Z_r2_a67a784e
latency_ipsec_ubuntu_20260328T065327959683Z_r3_bdfe10b2,latency,ipsec,VM,ubuntu,3,1500,50.0,,False,44.14763945980847,49.96502710608444,6.854042671424184,0.24843854593540438,74.388,11.318,0.9550000000000001,17.3,46.22789472231253,,3244.0,C:\vpn-thesis\results\latency_ipsec_ubuntu_20260328T065327959683Z_r3_bdfe10b2
latency_openvpn_ubuntu_20260328T043015009045Z_r1_8b8d332c,latency,openvpn,RaspberryPi,ubuntu,1,1500,50.0,,False,60.447694305598475,49.999320667798884,0.00815369719207053,0.1233846594580008,62.955,0.314,0.03166666666666666,0.7,1908.8745570188994,,5162.0,C:\vpn-thesis\results\latency_openvpn_ubuntu_20260328T043015009045Z_r1_8b8d332c
latency_openvpn_ubuntu_20260328T043903013763Z_r2_be4be043,latency,openvpn,RaspberryPi,ubuntu,2,1500,50.0,,False,56.058072708453516,49.999318167837146,0.04756323362041142,0.11644083824661865,62.922,0.099,0.03666666666666667,0.7,1528.8565284123686,,5162.0,C:\vpn-thesis\results\latency_openvpn_ubuntu_20260328T043903013763Z_r2_be4be043
latency_openvpn_ubuntu_20260328T044804203604Z_r3_649f7d99,latency,openvpn,RaspberryPi,ubuntu,3,1500,50.0,,False,59.0302162190138,49.999317334516626,0.008833171958076407,0.1286562539576658,62.973,0.235,0.03333333333333333,0.9,1770.906486570414,,5166.0,C:\vpn-thesis\results\latency_openvpn_ubuntu_20260328T044804203604Z_r3_649f7d99
latency_openvpn_ubuntu_20260328T062338037654Z_r1_5a69743e,latency,openvpn,VM,ubuntu,1,1500,50.0,,False,54.69874467118965,49.9962750664521,0.1481254989892813,0.23485193659260306,65.98,0.909,0.23,3.1,237.82062900517238,,5125.0,C:\vpn-thesis\results\latency_openvpn_ubuntu_20260328T062338037654Z_r1_5a69743e
latency_openvpn_ubuntu_20260328T063545113404Z_r2_78ad2b91,latency,openvpn,VM,ubuntu,2,1500,50.0,,False,43.226841235026285,49.99833307470086,1.4472763346537747,0.24596693260704533,69.682,20.389,0.12372881355932203,1.5,349.3676209406234,,5140.0,C:\vpn-thesis\results\latency_openvpn_ubuntu_20260328T063545113404Z_r2_78ad2b91
latency_openvpn_ubuntu_20260328T064753118289Z_r3_183af247,latency,openvpn,VM,ubuntu,3,1500,50.0,,False,32.55156905619568,49.9745858933955,7.752146105065692,1.4046315808433485,79.642,20.444,0.8016666666666666,19.1,40.60486784556634,,5281.0,C:\vpn-thesis\results\latency_openvpn_ubuntu_20260328T064753118289Z_r3_183af247
latency_wireguard_ubuntu_20260328T042648434144Z_r1_cd09a200,latency,wireguard,RaspberryPi,ubuntu,1,1500,50.0,,False,76.3994602267946,49.999403001014905,0.00036480373559025247,0.11672333220442017,63.087,0.961,0.035,1.5,2182.84172076556,,652.0,C:\vpn-thesis\results\latency_wireguard_ubuntu_20260328T042648434144Z_r1_cd09a200
latency_wireguard_ubuntu_20260328T043547076441Z_r2_4a4c7ac9,latency,wireguard,RaspberryPi,ubuntu,2,1500,50.0,,False,89.11077937655547,49.999400501049124,0.0,0.10111910656461393,63.138,1.529,0.03333333333333333,1.4,2673.323381296664,,681.0,C:\vpn-thesis\results\latency_wireguard_ubuntu_20260328T043547076441Z_r2_4a4c7ac9
latency_wireguard_ubuntu_20260328T044437508507Z_r3_436064c3,latency,wireguard,RaspberryPi,ubuntu,3,1500,50.0,,False,76.2764376816782,49.99974863385701,0.0,0.0794325790695357,62.88,0.102,0.041666666666666664,1.4,1830.6345043602769,,679.0,C:\vpn-thesis\results\latency_wireguard_ubuntu_20260328T044437508507Z_r3_436064c3
latency_wireguard_ubuntu_20260328T062023968206Z_r1_cd430744,latency,wireguard,VM,ubuntu,1,1500,50.0,,False,55.61511769690808,49.99902874579776,0.0,0.178576775786399,71.612,16.6,0.25,5.4,222.46047078763232,,550.0,C:\vpn-thesis\results\latency_wireguard_ubuntu_20260328T062023968206Z_r1_cd430744
latency_wireguard_ubuntu_20260328T063229983816Z_r2_89f65b6b,latency,wireguard,VM,ubuntu,2,1500,50.0,,False,48.78461134270167,49.998725067516624,1.4402661646894015,0.27946483000198485,75.421,27.76,0.10166666666666666,2.1,479.84863615772144,,932.0,C:\vpn-thesis\results\latency_wireguard_ubuntu_20260328T063229983816Z_r2_89f65b6b
latency_wireguard_ubuntu_20260328T064436932939Z_r3_5d435e5a,latency,wireguard,VM,ubuntu,3,1500,50.0,,False,55.64387944990732,49.99896374797903,0.7821363558428577,0.13835390652376844,75.589,37.752,0.36000000000000004,5.8,154.5663318052981,,1267.0,C:\vpn-thesis\results\latency_wireguard_ubuntu_20260328T064436932939Z_r3_5d435e5a
loss_ipsec_ubuntu_20260329T222455862717Z_r1_3b2e5091,loss,ipsec,VM,ubuntu,1,1500,,1.0,False,4.670178824722456,6.54640058074601,1.03800435292148,0.17413229960303572,23.073,12.363,2.4883333333333337,13.0,1.8768300702166596,,2580.0,C:\vpn-thesis\results\loss_ipsec_ubuntu_20260329T222455862717Z_r1_3b2e5091
loss_ipsec_ubuntu_20260329T223711498954Z_r2_4ceae8cc,loss,ipsec,VM,ubuntu,2,1500,,1.0,False,4.463006859287478,6.078849211064064,1.0066408245440068,0.7144191453751345,17.712,3.343,3.066666666666667,17.9,1.455328323680699,,4721.0,C:\vpn-thesis\results\loss_ipsec_ubuntu_20260329T223711498954Z_r2_4ceae8cc
loss_ipsec_ubuntu_20260329T224926773471Z_r3_2eaeda90,loss,ipsec,VM,ubuntu,3,1500,,1.0,False,5.3057730683138375,10.816125420522578,0.9795146336108624,0.20747487333086223,17.275,1.582,3.8666666666666667,20.9,1.372182690081165,,2861.0,C:\vpn-thesis\results\loss_ipsec_ubuntu_20260329T224926773471Z_r3_2eaeda90
loss_openvpn_ubuntu_20260329T193901693987Z_r1_1ccf5d57,loss,openvpn,RaspberryPi,ubuntu,1,1500,,1.0,False,7.922462322773967,49.999320667798884,1.026006896668875,0.11879626410338963,13.605,2.632,0.03333333333333333,1.0,237.673869683219,,5116.0,C:\vpn-thesis\results\loss_openvpn_ubuntu_20260329T193901693987Z_r1_1ccf5d57
loss_openvpn_ubuntu_20260329T194749005371Z_r2_b4e32891,loss,openvpn,RaspberryPi,ubuntu,2,1500,,1.0,False,7.675856318529152,49.99930983463315,1.0613395845011806,0.11373745236449624,13.275,1.006,0.03166666666666667,1.1,242.39546269039425,,5104.0,C:\vpn-thesis\results\loss_openvpn_ubuntu_20260329T194749005371Z_r2_b4e32891
loss_openvpn_ubuntu_20260329T195637343762Z_r3_ef882163,loss,openvpn,RaspberryPi,ubuntu,3,1500,,1.0,False,8.073302939217555,49.9993190011577,1.0008663303266574,0.11616686663203166,13.087,1.027,0.035,0.9,230.6657982633587,,5111.0,C:\vpn-thesis\results\loss_openvpn_ubuntu_20260329T195637343762Z_r3_ef882163
loss_openvpn_ubuntu_20260329T221917345975Z_r1_5e58f7ea,loss,openvpn,VM,ubuntu,1,1500,,1.0,False,5.886464921337166,49.97061144964482,48.30477938677,0.805178599958806,16.026,1.983,0.7333333333333333,4.4,8.026997620005227,,5336.0,C:\vpn-thesis\results\loss_openvpn_ubuntu_20260329T221917345975Z_r1_5e58f7ea
loss_openvpn_ubuntu_20260329T223132650001Z_r2_c2392005,loss,openvpn,VM,ubuntu,2,1500,,1.0,False,4.152000211891506,49.9993644403139,81.48450133855165,1.9891704976811981,18.885,3.471,3.2633333333333336,12.1,1.2723187574744144,,6778.0,C:\vpn-thesis\results\loss_openvpn_ubuntu_20260329T223132650001Z_r2_c2392005
loss_openvpn_ubuntu_20260329T224347749979Z_r3_0b9ae01b,loss,openvpn,VM,ubuntu,3,1500,,1.0,False,4.075529878892031,49.99895054641652,85.76776990344696,2.336968033514954,26.29,25.636,1.9266666666666665,11.1,2.1153269267605697,,5296.0,C:\vpn-thesis\results\loss_openvpn_ubuntu_20260329T224347749979Z_r3_0b9ae01b
loss_wireguard_ubuntu_20260329T193548960510Z_r1_24b68aca,loss,wireguard,RaspberryPi,ubuntu,1,1500,,1.0,False,8.95478367639533,49.99940133437102,1.0002918429884722,0.09976211389533676,12.931,0.1,0.04,1.5,223.86959190988324,,606.0,C:\vpn-thesis\results\loss_wireguard_ubuntu_20260329T193548960510Z_r1_24b68aca
loss_wireguard_ubuntu_20260329T194436066428Z_r2_5bbf11fb,loss,wireguard,RaspberryPi,ubuntu,2,1500,,1.0,False,8.82286597604198,49.99940216769294,1.01123595505618,0.0848881682964051,12.925,0.246,0.035,1.3,252.08188502977083,,613.0,C:\vpn-thesis\results\loss_wireguard_ubuntu_20260329T194436066428Z_r2_5bbf11fb
loss_wireguard_ubuntu_20260329T195322354294Z_r3_0f123d2a,loss,wireguard,RaspberryPi,ubuntu,3,1500,,1.0,False,9.134134374192383,49.99940216769294,0.9878885159784037,0.10178810929269323,12.891,0.176,0.03333333333333333,1.4,274.0240312257715,,1005.0,C:\vpn-thesis\results\loss_wireguard_ubuntu_20260329T195322354294Z_r3_0f123d2a
loss_wireguard_ubuntu_20260329T221604185623Z_r1_81539f4e,loss,wireguard,VM,ubuntu,1,1500,,1.0,False,6.634008327180634,16.405891316733452,0.9820239680426098,7.3136855515772865,15.932,2.418,0.2866666666666667,2.1,23.141889513420818,,671.0,C:\vpn-thesis\results\loss_wireguard_ubuntu_20260329T221604185623Z_r1_81539f4e
loss_wireguard_ubuntu_20260329T222816205963Z_r2_dcde1c40,loss,wireguard,VM,ubuntu,2,1500,,1.0,False,3.3766949623583122,4.735391621615942,1.0553479952239726,1.5635977715935914,19.57,2.722,2.4266666666666667,11.6,1.3914951767960078,,1263.0,C:\vpn-thesis\results\loss_wireguard_ubuntu_20260329T222816205963Z_r2_dcde1c40
loss_wireguard_ubuntu_20260329T224032004755Z_r3_64d09f61,loss,wireguard,VM,ubuntu,3,1500,,1.0,False,3.5760059118827114,4.93888117374663,1.0599010266637123,1.04395406717698,20.127,3.554,2.9491525423728815,13.2,1.2125537287418389,,1280.0,C:\vpn-thesis\results\loss_wireguard_ubuntu_20260329T224032004755Z_r3_64d09f61
mobility_ipsec_ubuntu_20260402T103041256377Z_r1_243c0445,mobility,ipsec,VM,ubuntu,1,1500,,,False,71.47976198200976,38.552350113160294,4.817724373856928,0.07876823087385344,14.396,0.697,0.3016666666666667,4.8,236.94948723318151,2195.0,2241.0,C:\vpn-thesis\results\mobility_ipsec_ubuntu_20260402T103041256377Z_r1_243c0445
mobility_ipsec_ubuntu_20260402T104256362335Z_r2_5f18588d,mobility,ipsec,VM,ubuntu,2,1500,,,False,69.81489869353827,29.459211663611764,1.2035417984300012,0.13321004157253757,15.685,2.832,0.25666666666666665,3.1,272.00609880599325,2195.0,2215.0,C:\vpn-thesis\results\mobility_ipsec_ubuntu_20260402T104256362335Z_r2_5f18588d
mobility_ipsec_ubuntu_20260402T105519793382Z_r3_d4ea1f13,mobility,ipsec,VM,ubuntu,3,1500,,,False,54.7981966019708,27.3574681315118,0.6663639762833182,0.12048650101786326,14.69,1.108,0.535,7.7,102.42653570461832,2244.0,2241.0,C:\vpn-thesis\results\mobility_ipsec_ubuntu_20260402T105519793382Z_r3_d4ea1f13
mobility_openvpn_ubuntu_20260402T090501214221Z_r1_20ffc6f0,mobility,openvpn,RaspberryPi,ubuntu,1,1500,,,False,65.59257905094233,49.999318167837146,0.007134485043061713,0.10813510256199518,12.918,0.249,0.028333333333333332,0.7,2315.0322017979647,7099.0,5099.0,C:\vpn-thesis\results\mobility_openvpn_ubuntu_20260402T090501214221Z_r1_20ffc6f0
mobility_openvpn_ubuntu_20260402T091040483710Z_r2_b4d297e3,mobility,openvpn,RaspberryPi,ubuntu,2,1500,,,False,72.9460647856861,49.99931983447828,0.0438261224073791,0.11339621670317747,12.981,0.64,0.025,0.7,2917.842591427444,7113.0,5099.0,C:\vpn-thesis\results\mobility_openvpn_ubuntu_20260402T091040483710Z_r2_b4d297e3
mobility_openvpn_ubuntu_20260402T091620515468Z_r3_8984b7d3,mobility,openvpn,RaspberryPi,ubuntu,3,1500,,,False,69.3170148205737,49.999320667798884,0.025140566342217466,0.13648485177755568,13.052,0.821,0.04,0.7,1732.9253705143426,7116.0,5101.0,C:\vpn-thesis\results\mobility_openvpn_ubuntu_20260402T091620515468Z_r3_8984b7d3
mobility_openvpn_ubuntu_20260402T102501276371Z_r1_1a584a28,mobility,openvpn,VM,ubuntu,1,1500,,,False,61.1522468590853,49.9984096091036,51.963498863586175,0.6741464908821017,16.059,4.279,0.6283333333333334,3.6,97.32453081021532,7093.0,5107.0,C:\vpn-thesis\results\mobility_openvpn_ubuntu_20260402T102501276371Z_r1_1a584a28
mobility_openvpn_ubuntu_20260402T103716773009Z_r2_6ab2852b,mobility,openvpn,VM,ubuntu,2,1500,,,False,57.39473690718176,49.999313870234545,54.416231238066764,0.5326706054406843,15.199,1.777,0.20666666666666667,3.0,277.7164689057182,7075.0,5052.0,C:\vpn-thesis\results\mobility_openvpn_ubuntu_20260402T103716773009Z_r2_6ab2852b
mobility_openvpn_ubuntu_20260402T104939868934Z_r3_f49bb40d,mobility,openvpn,VM,ubuntu,3,1500,,,False,35.752992114544305,49.99905900649285,48.28449608452666,0.74031051106978,15.21,1.281,0.795,5.4,44.97231712521296,7093.0,5066.0,C:\vpn-thesis\results\mobility_openvpn_ubuntu_20260402T104939868934Z_r3_f49bb40d
mobility_wireguard_ubuntu_20260330T135327790742Z_r1_7c96ea54,mobility,wireguard,RaspberryPi,ubuntu,1,1500,,,False,77.03214243974404,49.999403001014905,0.0,0.0927698744832324,12.931,0.476,0.029999999999999995,1.4,2567.7380813248014,5133.0,581.0,C:\vpn-thesis\results\mobility_wireguard_ubuntu_20260330T135327790742Z_r1_7c96ea54
mobility_wireguard_ubuntu_20260330T140432813846Z_r2_b34c0b38,mobility,wireguard,RaspberryPi,ubuntu,2,1500,,,False,89.06808010765995,49.9993971677618,0.0010944112067707574,0.14907863349449652,12.917,0.463,0.035,1.3,2544.802288790284,5138.0,594.0,C:\vpn-thesis\results\mobility_wireguard_ubuntu_20260330T140432813846Z_r2_b34c0b38
mobility_wireguard_ubuntu_20260330T141528269178Z_r3_ab1aef13,mobility,wireguard,RaspberryPi,ubuntu,3,1500,,,False,88.656708662477,49.99939966772725,0.0,0.11764780494551283,12.853,0.14,0.03166666666666667,1.3,2799.6855367097996,6375.0,609.0,C:\vpn-thesis\results\mobility_wireguard_ubuntu_20260330T141528269178Z_r3_ab1aef13
mobility_wireguard_ubuntu_20260402T102143874406Z_r1_3149048b,mobility,wireguard,VM,ubuntu,1,1500,,,False,27.832410282226608,20.874827586431035,0.0,0.247289699179624,15.866,1.617,0.245,2.7,113.60167462133309,5232.0,458.0,C:\vpn-thesis\results\mobility_wireguard_ubuntu_20260402T102143874406Z_r1_3149048b
mobility_wireguard_ubuntu_20260402T103359163458Z_r2_bc05ee18,mobility,wireguard,VM,ubuntu,2,1500,,,False,25.015251666489615,20.777713095068634,0.0,0.33596259261718975,16.199,2.151,0.6116666666666667,5.5,40.89686920951981,5236.0,462.0,C:\vpn-thesis\results\mobility_wireguard_ubuntu_20260402T103359163458Z_r2_bc05ee18
mobility_wireguard_ubuntu_20260402T104614261754Z_r3_08183df0,mobility,wireguard,VM,ubuntu,3,1500,,,False,69.78966177440083,49.998903558149465,0.0,0.17886503136962437,15.664,1.725,0.58,5.1,120.32700305931178,13336.0,476.0,C:\vpn-thesis\results\mobility_wireguard_ubuntu_20260402T104614261754Z_r3_08183df0
mtu_ipsec_ubuntu_20260330T111932142897Z_r1_82769b19,mtu,ipsec,VM,ubuntu,1,1400,,,False,12.365179099444854,12.84399736972826,0.005290025656624435,1.3912528343752821,18.636,3.977,2.6666666666666665,17.7,4.63694216229182,,2499.0,C:\vpn-thesis\results\mtu_ipsec_ubuntu_20260330T111932142897Z_r1_82769b19
mtu_ipsec_ubuntu_20260330T113138489703Z_r2_84d0f382,mtu,ipsec,VM,ubuntu,2,1400,,,False,50.83185383736437,31.015592188565726,0.24919490875632572,0.31433102685656833,16.421,2.429,0.62,5.3,81.98686102800706,,2254.0,C:\vpn-thesis\results\mtu_ipsec_ubuntu_20260330T113138489703Z_r2_84d0f382
mtu_ipsec_ubuntu_20260330T114339553979Z_r3_1b710c0b,mtu,ipsec,VM,ubuntu,3,1400,,,False,43.005957128619535,20.310746845172975,0.0008363371776965602,0.12053692132163955,14.866,1.947,0.44,4.7,97.7408116559535,,2315.0,C:\vpn-thesis\results\mtu_ipsec_ubuntu_20260330T114339553979Z_r3_1b710c0b
mtu_openvpn_ubuntu_20260330T104352421149Z_r1_2f8980e3,mtu,openvpn,RaspberryPi,ubuntu,1,1400,,,False,72.71285330887049,49.999320667798884,0.011890808405102855,0.1129942536823623,13.763,2.573,0.030000000000000002,1.0,2423.7617769623494,,5104.0,C:\vpn-thesis\results\mtu_openvpn_ubuntu_20260330T104352421149Z_r1_2f8980e3
mtu_openvpn_ubuntu_20260330T105239229676Z_r2_48a69592,mtu,openvpn,RaspberryPi,ubuntu,2,1400,,,False,67.04046458822117,49.999320667798884,0.0023781616810205713,0.11288846292164167,13.32,1.516,0.05,0.8,1340.8092917644233,,5104.0,C:\vpn-thesis\results\mtu_openvpn_ubuntu_20260330T105239229676Z_r2_48a69592
mtu_openvpn_ubuntu_20260330T110129806355Z_r3_cad7550d,mtu,openvpn,RaspberryPi,ubuntu,3,1400,,,False,63.13264412191924,49.99931650119613,0.03295452615128506,0.11409908427452606,13.135,0.366,0.025,0.7,2525.3057648767694,,5111.0,C:\vpn-thesis\results\mtu_openvpn_ubuntu_20260330T110129806355Z_r3_cad7550d
mtu_openvpn_ubuntu_20260330T111356259532Z_r1_b519a3c1,mtu,openvpn,VM,ubuntu,1,1400,,,False,17.796641119158725,49.99911861401404,89.6523842526533,2.607006208755586,19.135,3.657,3.0233333333333334,13.2,5.88643035914842,,5250.0,C:\vpn-thesis\results\mtu_openvpn_ubuntu_20260330T111356259532Z_r1_b519a3c1
mtu_openvpn_ubuntu_20260330T112606263332Z_r2_8c71e0c3,mtu,openvpn,VM,ubuntu,2,1400,,,False,32.664292069095154,49.998807218289315,57.08417984277008,0.6941556218131724,23.884,19.046,0.8483333333333333,10.5,38.50407709520058,,5085.0,C:\vpn-thesis\results\mtu_openvpn_ubuntu_20260330T112606263332Z_r2_8c71e0c3
mtu_openvpn_ubuntu_20260330T113807351028Z_r3_242b7ba5,mtu,openvpn,VM,ubuntu,3,1400,,,False,40.81192313586557,49.996887173696315,67.5124178654182,0.8217605096276716,17.113,1.605,0.5816666666666667,3.0,70.16376470349381,,5098.0,C:\vpn-thesis\results\mtu_openvpn_ubuntu_20260330T113807351028Z_r3_242b7ba5
mtu_wireguard_ubuntu_20260330T104039204038Z_r1_3eeea411,mtu,wireguard,RaspberryPi,ubuntu,1,1400,,,False,83.69973577376699,49.999403834336874,0.0,0.11028086455776676,12.804,0.168,0.043333333333333335,1.8,1931.5323640100073,,683.0,C:\vpn-thesis\results\mtu_wireguard_ubuntu_20260330T104039204038Z_r1_3eeea411
mtu_wireguard_ubuntu_20260330T104926437701Z_r2_87c85a87,mtu,wireguard,RaspberryPi,ubuntu,2,1400,,,False,83.0638740409517,49.999403001014905,0.0,0.1045941853101717,12.931,0.178,0.13,4.5,638.95287723809,,601.0,C:\vpn-thesis\results\mtu_wireguard_ubuntu_20260330T104926437701Z_r2_87c85a87
mtu_wireguard_ubuntu_20260330T105812769802Z_r3_40c0c1f9,mtu,wireguard,RaspberryPi,ubuntu,3,1400,,,False,82.08137121174697,49.999390501188515,0.0,0.0824047404521532,12.843,0.176,0.03666666666666667,1.3,2238.582851229463,,674.0,C:\vpn-thesis\results\mtu_wireguard_ubuntu_20260330T105812769802Z_r3_40c0c1f9
mtu_wireguard_ubuntu_20260330T111041247671Z_r1_d990bec2,mtu,wireguard,VM,ubuntu,1,1400,,,False,12.559941750529545,10.315807161078355,0.0017681277295471824,1.2613354892745359,18.706,2.211,3.2383333333333337,10.5,3.8785203552844703,,1221.0,C:\vpn-thesis\results\mtu_wireguard_ubuntu_20260330T111041247671Z_r1_d990bec2
mtu_wireguard_ubuntu_20260330T112249706144Z_r2_6f8ca84d,mtu,wireguard,VM,ubuntu,2,1400,,,False,4.141142243052628,3.4919586640575115,0.0,2.907212262086811,28.619,20.426,1.37,11.4,3.022731564271991,,1182.0,C:\vpn-thesis\results\mtu_wireguard_ubuntu_20260330T112249706144Z_r2_6f8ca84d
mtu_wireguard_ubuntu_20260330T113454541346Z_r3_526ec308,mtu,wireguard,VM,ubuntu,3,1400,,,False,13.787467999011614,9.59293713918744,0.0,0.7053919433396947,19.522,4.912,0.43833333333333335,5.2,31.454299617516988,,599.0,C:\vpn-thesis\results\mtu_wireguard_ubuntu_20260330T113454541346Z_r3_526ec308
